<?xml version="1.0" encoding="UTF-8"?>
<templates id="template" xml:space="preserve">
	<t t-name="custom_pos_receipt.ProductCard" t-inherit="point_of_sale.ProductCard" t-inherit-mode="extension">
		<xpath expr="//div[hasclass('product-information-tag')]" position="before">
			<div style="display: inline;">
				<t t-if="props.product_rating">
					<t t-set = "rating" t-value='props.product_rating'/>
					<t t-if="rating == 1">
						<t t-foreach="[1]" t-as="star" t-key="rating_index_one">
							<span class="fa fa-star text-warning"/>
						</t>
						<t t-foreach="[1, 2, 3, 4]" t-as="star" t-key="rating_index_one">
							<span class="fa fa-star-o text-warning"/>
						</t>
					</t>
					<t t-if="rating == 2">
						<t t-foreach="[1, 2]" t-as="star" t-key="rating_index_one">
							<span class="fa fa-star text-warning"/>
						</t>
						<t t-foreach="[1, 2, 3]" t-as="star" t-key="rating_index_one">
							<span class="fa fa-star-o text-warning"/>
						</t>
					</t>
					<t t-if="rating == 3">
						<t t-foreach="[1, 2, 3]" t-as="star" t-key="rating_index_one">
							<span class="fa fa-star text-warning"/>
						</t>
						<t t-foreach="[1, 2]" t-as="star" t-key="rating_index_one">
							<span class="fa fa-star-o text-warning"/>
						</t>
					</t>
					<t t-if="rating == 4">
						<t t-foreach="[1, 2, 3, 4]" t-as="star" t-key="rating_index_one">
							<span class="fa fa-star text-warning"/>
						</t>
						<t t-foreach="[1]" t-as="star" t-key="rating_index_one">
							<span class="fa fa-star-o text-warning"/>
						</t>
					</t>
					<t t-if="rating == 5">
						<t t-foreach="[1, 2, 3, 4, 5]" t-as="star" t-key="rating_index_one">
							<span class="fa fa-star text-warning"/>
						</t>
					</t>
				</t>
			</div>
		</xpath>
	</t>
</templates>
